{
  "scene_obj_big_box": {
    "csv": "results/20260130_115939/scene_obj_big_box.csv",
    "stage_csv": "results/20260130_115939/scene_obj_big_box_stage_metrics.csv",
    "num_candidates": 100,
    "success_rate": 0.33,
    "top5": [
      {
        "scene": "scene_obj_big_box",
        "object_body": "big_box",
        "candidate_id": 55,
        "pair_dist": 0.1891196639782581,
        "left_x_w": -0.030458582441444226,
        "left_y_w": 0.4340000000000144,
        "left_z_w": 0.017895665087253654,
        "right_x_w": -0.0860000000000298,
        "right_y_w": 0.6147485974435083,
        "right_z_w": 0.014527763508839673,
        "left_x_center": -0.03045858244142316,
        "left_y_center": -0.16600000000000437,
        "left_z_center": -0.002060715432832181,
        "right_x_center": -0.08600000000000874,
        "right_y_center": 0.014748597443489553,
        "right_z_center": -0.005428617011246162,
        "left_x_obj": -0.030458582441432208,
        "left_y_obj": -0.1660000000000027,
        "left_z_obj": -0.0020607154328321745,
        "right_x_obj": -0.08600000000000793,
        "right_y_obj": 0.014748597443494244,
        "right_z_obj": -0.005428617011246161,
        "left_ax_w": 0.1804591549276883,
        "left_ay_w": 0.9835066939050023,
        "left_az_w": 0.012209201339902054,
        "right_ax_w": 0.9837092879712541,
        "right_ay_w": -0.168701538252422,
        "right_az_w": 0.06209512761396578,
        "success": 1,
        "has_contact": 1,
        "lift_height": 0.30584900854025693,
        "hold_duration": 1.9999999999999978,
        "max_slip": 0.004282969330885819,
        "obj_v_rms": 0.01915673043483388,
        "obj_w_rms": 0.04051813975384489,
        "contact_ratio": 1.0,
        "min_contact_dist": -0.0008164405057130577,
        "rel_pos_err": 0.004701049584162779,
        "rel_rot_err_deg": 0.3967718317903957,
        "contact_force_n_mean": 9.343432772632685,
        "contact_force_n_count": 120,
        "fail_stage": "",
        "fail_reason": ""
      },
      {
        "scene": "scene_obj_big_box",
        "object_body": "big_box",
        "candidate_id": 74,
        "pair_dist": 0.18931774897564654,
        "left_x_w": -0.0860000000000298,
        "left_y_w": 0.659613139318766,
        "left_z_w": 0.02403940140787776,
        "right_x_w": 0.07055531209211638,
        "right_y_w": 0.7660000000000231,
        "right_z_w": 0.02036786122378435,
        "left_x_center": -0.08600000000000874,
        "left_y_center": 0.05961313931874723,
        "left_z_center": 0.0040830208877919265,
        "right_x_center": 0.07055531209213745,
        "right_y_center": 0.16600000000000437,
        "right_z_center": 0.0004114807036985149,
        "left_x_obj": -0.08600000000000549,
        "left_y_obj": 0.05961313931875192,
        "left_z_obj": 0.004083020887791926,
        "right_x_obj": 0.0705553120921465,
        "right_y_obj": 0.1660000000000005,
        "right_z_obj": 0.000411480703698508,
        "left_ax_w": 0.8212331208686076,
        "left_ay_w": -0.5692591214826153,
        "left_az_w": -0.03898967425875274,
        "right_ax_w": -0.3911645652281186,
        "right_ay_w": -0.9203179165740725,
        "right_az_w": -0.002281283517700244,
        "success": 1,
        "has_contact": 1,
        "lift_height": 0.31297808450160686,
        "hold_duration": 1.9999999999999978,
        "max_slip": 0.010553718215593493,
        "obj_v_rms": 0.019852706208911153,
        "obj_w_rms": 0.02909256545214493,
        "contact_ratio": 1.0,
        "min_contact_dist": -0.0005172199628429106,
        "rel_pos_err": 0.009142559781755053,
        "rel_rot_err_deg": 0.6972368359235561,
        "contact_force_n_mean": 6.799298811431533,
        "contact_force_n_count": 120,
        "fail_stage": "",
        "fail_reason": ""
      },
      {
        "scene": "scene_obj_big_box",
        "object_body": "big_box",
        "candidate_id": 44,
        "pair_dist": 0.1891470544014447,
        "left_x_w": -0.0860000000000298,
        "left_y_w": 0.6314216065495443,
        "left_z_w": 0.016121242689434316,
        "right_x_w": 0.08599999999998767,
        "right_y_w": 0.7099706703550186,
        "right_z_w": 0.020880734681295313,
        "left_x_center": -0.08600000000000874,
        "left_y_center": 0.03142160654952553,
        "left_z_center": -0.0038351378306515187,
        "right_x_center": 0.08600000000000874,
        "right_y_center": 0.10997067035499986,
        "right_z_center": 0.0009243541612094786,
        "left_x_obj": -0.08600000000000703,
        "left_y_obj": 0.03142160654953022,
        "left_z_obj": -0.0038351378306515187,
        "right_x_obj": 0.08600000000001473,
        "right_y_obj": 0.10997067035499516,
        "right_z_obj": 0.0009243541612094733,
        "left_ax_w": 0.9384472118951849,
        "left_ay_w": -0.34287812860077577,
        "left_az_w": 0.04184970237684069,
        "right_ax_w": -0.6160103955112816,
        "right_ay_w": -0.7877101876746203,
        "right_az_w": -0.00662106712138479,
        "success": 1,
        "has_contact": 1,
        "lift_height": 0.3049356918059936,
        "hold_duration": 1.9999999999999978,
        "max_slip": 0.011211968117911073,
        "obj_v_rms": 0.01838681109838002,
        "obj_w_rms": 0.02583783008127192,
        "contact_ratio": 1.0,
        "min_contact_dist": -0.00056200045402426,
        "rel_pos_err": 0.00849686020671357,
        "rel_rot_err_deg": 0.6951069235829327,
        "contact_force_n_mean": 11.75931118855288,
        "contact_force_n_count": 120,
        "fail_stage": "",
        "fail_reason": ""
      },
      {
        "scene": "scene_obj_big_box",
        "object_body": "big_box",
        "candidate_id": 88,
        "pair_dist": 0.2782432149792685,
        "left_x_w": 0.009502681510056968,
        "left_y_w": 0.4340000000000144,
        "left_z_w": 0.005206337574935917,
        "right_x_w": -0.0860000000000298,
        "right_y_w": 0.6945075921241826,
        "right_z_w": 0.026046657919172295,
        "left_x_center": 0.009502681510078034,
        "left_y_center": -0.16600000000000437,
        "left_z_center": -0.014750042945149918,
        "right_x_center": -0.08600000000000874,
        "right_y_center": 0.09450759212416382,
        "right_z_center": 0.00609027739908646,
        "left_x_obj": 0.009502681510068984,
        "left_y_obj": -0.1660000000000049,
        "left_z_obj": -0.014750042945149913,
        "right_x_obj": -0.08600000000000359,
        "right_y_obj": 0.09450759212416851,
        "right_z_obj": 0.006090277399086458,
        "left_ax_w": -0.056927943410323735,
        "left_ay_w": 0.9944602053737973,
        "left_az_w": 0.08836343817172128,
        "right_ax_w": 0.6722695016086033,
        "right_ay_w": -0.7387740913434224,
        "right_az_w": -0.04760822967141372,
        "success": 1,
        "has_contact": 1,
        "lift_height": 0.31632683496036074,
        "hold_duration": 1.9999999999999978,
        "max_slip": 0.01148607254636587,
        "obj_v_rms": 0.018217930574104292,
        "obj_w_rms": 0.018253916258917514,
        "contact_ratio": 1.0,
        "min_contact_dist": -0.0013192872042099187,
        "rel_pos_err": 0.009090107038875061,
        "rel_rot_err_deg": 0.671884743866763,
        "contact_force_n_mean": 9.510844642908815,
        "contact_force_n_count": 120,
        "fail_stage": "",
        "fail_reason": ""
      },
      {
        "scene": "scene_obj_big_box",
        "object_body": "big_box",
        "candidate_id": 13,
        "pair_dist": 0.19646516354395632,
        "left_x_w": -0.0860000000000298,
        "left_y_w": 0.5789297844408796,
        "left_z_w": 0.020660864524189537,
        "right_x_w": -0.02629904336900274,
        "right_y_w": 0.7660000000000231,
        "right_z_w": 0.014408607783674482,
        "left_x_center": -0.08600000000000874,
        "left_y_center": -0.021070215559139127,
        "left_z_center": 0.0007044840041037018,
        "right_x_center": -0.026299043368981673,